setting,client,class_name,precision,recall_sensitivity,specificity,balanced_acc,fpr,auroc,vote_frequency
p0.85_s90,10,cat,0.1456855791962175,0.986,0.35755555555555557,0.6717777777777778,0.6424444444444445,0.860773888888889,0.6768
p0.85_s90,11,deer,0.16046586865092202,0.992,0.42333333333333334,0.7076666666666667,0.5766666666666667,0.9191902777777778,0.6182
p0.85_s90,12,truck,0.1531019656019656,0.997,0.38722222222222225,0.6921111111111111,0.6127777777777778,0.9614683888888889,0.6512
p0.65_s90,10,cat,0.21818592057761732,0.967,0.615,0.7909999999999999,0.385,0.9030053333333332,0.4432
p0.65_s90,11,deer,0.23229461756373937,0.984,0.6386666666666667,0.8113333333333334,0.36133333333333334,0.9454881111111111,0.4236
p0.65_s90,12,truck,0.2695770804911323,0.988,0.7025555555555556,0.8452777777777778,0.29744444444444446,0.9738367777777778,0.3665
p0.5_s90,10,cat,0.27894421115776846,0.93,0.7328888888888889,0.8314444444444444,0.26711111111111113,0.9126562222222222,0.3334
p0.5_s90,11,deer,0.3572513287775247,0.941,0.8118888888888889,0.8764444444444444,0.18811111111111112,0.9543406111111111,0.2634
p0.5_s90,12,truck,0.40298507462686567,0.972,0.84,0.9059999999999999,0.16,0.9804184444444446,0.2412
p0.85_s91,10,cat,0.16086316821971555,0.984,0.42966666666666664,0.7068333333333333,0.5703333333333334,0.8614861666666668,0.6117
p0.85_s91,11,deer,0.14917293233082707,0.992,0.37133333333333335,0.6816666666666666,0.6286666666666667,0.9124237222222222,0.665
p0.85_s91,12,truck,0.16152597402597402,0.995,0.4261111111111111,0.7105555555555556,0.5738888888888889,0.9497489444444444,0.616
p0.85_s92,10,cat,0.1531782945736434,0.988,0.39311111111111113,0.6905555555555556,0.6068888888888889,0.8502278333333334,0.645
p0.85_s92,11,deer,0.14774078478002378,0.994,0.36288888888888887,0.6784444444444444,0.6371111111111111,0.9031805555555555,0.6728
p0.85_s92,12,truck,0.17395104895104896,0.995,0.475,0.735,0.525,0.9451615555555554,0.572
